id,length,start,method,gc,entropy,sequence
snip00001,64,257866,systematic,0.3906,1.9621,CAAAAAATTTACCGCACTAGGCCCGTATATTCGTGAAGGTAGGTAATGACTCCAACTTATTGAT
snip00002,64,773598,systematic,0.6094,1.9645,CTATCTGCAAATGCGTACCGTGGGCGAACTGCACCTGCGTACCCGTGCAACGGCTCAGGTGGCT
snip00003,64,1289330,systematic,0.4688,1.9079,AGTGGGTATTGAAATTGATATCGTTGCAGGATGTTCAATTGGTTCGCTGGTGGGCGCTGCCTAT
snip00004,64,1805062,systematic,0.4688,1.9576,TGCACAACGCCACCCGACGGCTGTAATAACAAAAAATCCCTTGATGCCTGTCCCTTTTGTTACA
snip00005,64,2320794,systematic,0.5156,1.9816,TAACCTCGCCCAGGCACTGCGTGAAACGCGGACACTTAACGATCTGATTATTGAAAACGCTGCC
snip00006,64,2836526,systematic,0.4219,1.9816,ATTACCCCGACTTCGTTAAGGTCAGGGGCGATATCATCACAAAGCTCAGGAACGTATTTTTTAT
snip00007,64,3352258,systematic,0.5781,1.9691,CGTTTACCCACGCGGTCGTAGTACGGCACTTTACGGATTTCAAAGCAGGCTTTGCGCCCGTCCG
snip00008,64,3867990,systematic,0.5312,1.9362,TGAAAAAAGCGAAGCCAACGCGCAAGCCACCAATGCGGTTATTCCACCGGCCAGAATGCCTGAT
snip00009,64,4383722,systematic,0.3906,1.9150,TATTTGATATCATCCAGGTATCAATTCTGTATTGGTTTTTACGCTGCCTGCTCAATGTTGCGCA
snip00010,128,257862,systematic,0.3984,1.9681,TGATCAAAAAATTTACCGCACTAGGCCCGTATATTCGTGAAGGTAGGTAATGACTCCAACTTATTGATAGTGTTTTATGTTCAGATAATGCCCGATGACTTTGTCATGCAGCTCCACCGATTTTGAGA
snip00011,128,773586,systematic,0.6094,1.9533,TCAGGGCGCAACCTATCTGCAAATGCGTACCGTGGGCGAACTGCACCTGCGTACCCGTGCAACGGCTCAGGTGGCTGCGCTGGTGACACTGGTCTGTTTCGCACTGGCTGGCGTATGGGTGATGTACG
snip00012,128,1289310,systematic,0.4453,1.9489,GTTATTAATGCGCTAAAAAAAGTGGGTATTGAAATTGATATCGTTGCAGGATGTTCAATTGGTTCGCTGGTGGGCGCTGCCTATGCATGCGATCGATTATCTGCGCTGGAAGATTGGGTGACCTCTTT
snip00013,128,1805034,systematic,0.4609,1.9654,TTCATAAAACGCAGAAACAGTGACCATGTGCACAACGCCACCCGACGGCTGTAATAACAAAAAATCCCTTGATGCCTGTCCCTTTTGTTACACTCCGTTATCACGCACAAGAGATATGCAGGACACTG
snip00014,128,2320758,systematic,0.5312,1.9908,GCCCGGTGAAATGGGGCAAATCAGTCAGAGTGTTAATAACCTCGCCCAGGCACTGCGTGAAACGCGGACACTTAACGATCTGATTATTGAAAACGCTGCCGATGGCGTCATTGCCATTGACCGCCAGG
snip00015,128,2836482,systematic,0.5156,1.9957,GCAGTTCCTGTAACAGCAAATGCTGGAGCGGGTTCGCAGGCAACATTACCCCGACTTCGTTAAGGTCAGGGGCGATATCATCACAAAGCTCAGGAACGTATTTTTTATCCACCAGCACAATCGGCGCG
snip00016,128,3352206,systematic,0.5625,1.9808,CTGATACCGCTTACGCTCGGTAATGTCGCGACCAAAGCCCATCAAACCGTGACGTTTACCCACGCGGTCGTAGTACGGCACTTTACGGATTTCAAAGCAGGCTTTGCGCCCGTCCGGGTAATCCAGCC
snip00017,128,3867930,systematic,0.5625,1.9819,GGACACGCTTTTACTGCCGTGGGATGTGTTCCGCAAAGACAGCTCGGTGCGCTCGCGCGTTGAAAAAAGCGAAGCCAACGCGCAAGCCACCAATGCGGTTATTCCACCGGCCAGAATGCCTGATAACT
snip00018,128,4383654,systematic,0.3828,1.9339,GCGTGATAAGCGCCATTCTGTAGCATATGTTTTCATTTTTCCGTTAAAGGCCACAATTTAAGACTGGATATTTGATATCATCCAGGTATCAATTCTGTATTGGTTTTTACGCTGCCTGCTCAATGTTG
snip00019,256,257855,systematic,0.4727,1.9926,AGCAGATTGATCAAAAAATTTACCGCACTAGGCCCGTATATTCGTGAAGGTAGGTAATGACTCCAACTTATTGATAGTGTTTTATGTTCAGATAATGCCCGATGACTTTGTCATGCAGCTCCACCGATTTTGAGAACGACAGCGACTTCCGTCCCAGCCGTGCCAGGTGCTGCCTCAGATTCAGGTTATGCCGCTCAATTCGCTGCGTATATCGCTTGCTGATTACGTGCAGCTTTCCCTTCAGGCGGGATTCATA
snip00020,256,773565,systematic,0.5391,1.9900,GAGCGTAGGGATGATCATTACTCAGGGCGCAACCTATCTGCAAATGCGTACCGTGGGCGAACTGCACCTGCGTACCCGTGCAACGGCTCAGGTGGCTGCGCTGGTGACACTGGTCTGTTTCGCACTGGCTGGCGTATGGGTGATGTACGGTATCGATGGTTATGTCGTGAAATCGACAATGGACCATTACGCAGCCTCTAACCCACTGAATAAAGAAGTGGTTCGTGAAGCTGGCGCATGGCTGGTTAACTTCAAC
snip00021,256,1289275,systematic,0.5039,1.9648,GATCTGGCGCGGCGAGAGGTTGGTCGCATATTGGCGTTATTAATGCGCTAAAAAAAGTGGGTATTGAAATTGATATCGTTGCAGGATGTTCAATTGGTTCGCTGGTGGGCGCTGCCTATGCATGCGATCGATTATCTGCGCTGGAAGATTGGGTGACCTCTTTCAGTTATTGGGATGTTTTACGCCTGATGGATCTCTCCTGGCAGCGCGGTGGGTTACTGCGCGGCGAGCGTGTCTTCAATCAATACCGCGAAAT
snip00022,256,1804985,systematic,0.4062,1.9732,ATTTATAACCAGCTATTTACGATATATATCGATACATAATTTTATTTTTTTCATAAAACGCAGAAACAGTGACCATGTGCACAACGCCACCCGACGGCTGTAATAACAAAAAATCCCTTGATGCCTGTCCCTTTTGTTACACTCCGTTATCACGCACAAGAGATATGCAGGACACTGGTATGCCGACTAAACGCTTTGATAAAAAACACTGGAAGATGGTGGTGGTGCTACTGGCAATCTGTGGCGCTATGTTGTT
snip00023,256,2320695,systematic,0.4961,1.9899,TGATATCATCACCGATGGCCTCTCGACTCTGGCACAAAATATTCCCACTCGATTACCACAATTGCCCGGTGAAATGGGGCAAATCAGTCAGAGTGTTAATAACCTCGCCCAGGCACTGCGTGAAACGCGGACACTTAACGATCTGATTATTGAAAACGCTGCCGATGGCGTCATTGCCATTGACCGCCAGGGTGATGTAACCACCATGAACCCAGCAGCAGAAGTTATCACTGGCTATCAACGCCATGAACTGGTA
snip00024,256,2836405,systematic,0.5664,1.9870,ATCCGCCAGCGCCTGTTCGTTGCTGATAGCTGGTGGTTTACCGCTCAGGTTGCCGGAGGTCATCACCAGCGGGCATTGCAGTTCCTGTAACAGCAAATGCTGGAGCGGGTTCGCAGGCAACATTACCCCGACTTCGTTAAGGTCAGGGGCGATATCATCACAAAGCTCAGGAACGTATTTTTTATCCACCAGCACAATCGGCGCGGCGGGCGTGGTAAGCAACTGGCGCGCAGCGTCTGGTAAACCGTCAGCCACT
snip00025,256,3352115,systematic,0.5430,1.9941,GACCGACGATACCGTTCAGCGGTGTACGCAATTCGTGACTGATGGTGGAGATAAACGTCGTTTTGTCGCGGCTGGCCCGTTCAAGCGCATCCTGATACCGCTTACGCTCGGTAATGTCGCGACCAAAGCCCATCAAACCGTGACGTTTACCCACGCGGTCGTAGTACGGCACTTTACGGATTTCAAAGCAGGCTTTGCGCCCGTCCGGGTAATCCAGCCACTGTTCATAGGTCAGTGACACATTATGACGGAACAC
snip00026,256,3867825,systematic,0.5547,1.9897,AACGTATCCCGGCACCCGCGCCAGCGCAACCATGATTGGCGACGATGAAACCAACTGGGGCACTAAGTCGCTGGCGATTCTCGATATGCCGTTTACCGCTGTGATGGACACGCTTTTACTGCCGTGGGATGTGTTCCGCAAAGACAGCTCGGTGCGCTCGCGCGTTGAAAAAAGCGAAGCCAACGCGCAAGCCACCAATGCGGTTATTCCACCGGCCAGAATGCCTGATAACTGATTTAGCGATCAGTTTCGGTGA
snip00027,256,4383535,systematic,0.4375,1.9744,ATTAGGTGTTGATCGTCTGGTGATGTTGGCGCTGGGCGCGGAGACACTGGCTGAAGTCATCGCCTTTAGCGTTGACCGGGCATAATTCTGAAAAATTACTGAATTAACAGCGAAGAATGGCGTGATAAGCGCCATTCTGTAGCATATGTTTTCATTTTTCCGTTAAAGGCCACAATTTAAGACTGGATATTTGATATCATCCAGGTATCAATTCTGTATTGGTTTTTACGCTGCCTGCTCAATGTTGCGCAGTGCA
snip00028,512,257841,systematic,0.5332,1.9930,GTGGACACCCGAAGAGCAGATTGATCAAAAAATTTACCGCACTAGGCCCGTATATTCGTGAAGGTAGGTAATGACTCCAACTTATTGATAGTGTTTTATGTTCAGATAATGCCCGATGACTTTGTCATGCAGCTCCACCGATTTTGAGAACGACAGCGACTTCCGTCCCAGCCGTGCCAGGTGCTGCCTCAGATTCAGGTTATGCCGCTCAATTCGCTGCGTATATCGCTTGCTGATTACGTGCAGCTTTCCCTTCAGGCGGGATTCATACAGCGGCCAGCCATCCGTCATCCATATCACCACGTCAAAGGGTGACAGCAGGCTCATAAGACGCCCCAGCGTCGCCATAGTGCGTTCACCGAATACGTGCGCAACAACCGTCTTCCGGAGACTGTCATACGCGTAAAACAGCCAGCGCTGGCGCGATTTAGCCCCGACATAGCCCCACTGTTCGTCCATTTCCGCGCAGACGATGACGTCACTGCCCGGCTGTATGCGCGAGGTTACCGACT
snip00029,512,773523,systematic,0.5527,1.9859,CTTCCAGTTGCTTAACCCGTTCGGCCTGCTGGCAGGCGTGGTGAGCGTAGGGATGATCATTACTCAGGGCGCAACCTATCTGCAAATGCGTACCGTGGGCGAACTGCACCTGCGTACCCGTGCAACGGCTCAGGTGGCTGCGCTGGTGACACTGGTCTGTTTCGCACTGGCTGGCGTATGGGTGATGTACGGTATCGATGGTTATGTCGTGAAATCGACAATGGACCATTACGCAGCCTCTAACCCACTGAATAAAGAAGTGGTTCGTGAAGCTGGCGCATGGCTGGTTAACTTCAACAACACGCCAATTCTGTGGGCTATTCCGGCACTGGGTGTGGTTCTGCCGCTGCTGACCATCCTGACTGCACGTATGGATAAAGCCGCGTGGGCGTTTGTGTTCTCCTCCCTGACGCTGGCCTGCATCATCCTGACAGCCGGTATCGCAATGTTCCCGTTTGTGATGCCGTCCAGCACCATGATGAACGCAAGTCTGACAATGTGGGATGCAACTT
snip00030,512,1289205,systematic,0.4961,1.9823,GTGGCTACGATTGCATTCCAGGGGAATCTTGCGGGAATAATGAGAAAGATAAAAATAGGGCTGGCGCTGGGATCTGGCGCGGCGAGAGGTTGGTCGCATATTGGCGTTATTAATGCGCTAAAAAAAGTGGGTATTGAAATTGATATCGTTGCAGGATGTTCAATTGGTTCGCTGGTGGGCGCTGCCTATGCATGCGATCGATTATCTGCGCTGGAAGATTGGGTGACCTCTTTCAGTTATTGGGATGTTTTACGCCTGATGGATCTCTCCTGGCAGCGCGGTGGGTTACTGCGCGGCGAGCGTGTCTTCAATCAATACCGCGAAATAATGCCGGAAACAGAGATCGAAAATTGTTCCCGTCGCTTTGCGGCTGTTGCCACCAATTTAAGTACGGGACGTGAATTATGGTTTACTGAAGGCGATCTCCATCTTGCTATTCGCGCATCATGCAGTATTCCAGGACTCATGGCACCTGTTGCACATAACGGCTACTGGCTGGTTGATGGAGCAGT
snip00031,512,1804887,systematic,0.4297,1.9840,CATTCATCATAAGCATTATAAAACTGTAGAAACATATTATGCTGCTATTAATGCAATCAGCCAAAGCCTGAGTTTTAGTGCTGATGAAATAAAGACGTATTTATAACCAGCTATTTACGATATATATCGATACATAATTTTATTTTTTTCATAAAACGCAGAAACAGTGACCATGTGCACAACGCCACCCGACGGCTGTAATAACAAAAAATCCCTTGATGCCTGTCCCTTTTGTTACACTCCGTTATCACGCACAAGAGATATGCAGGACACTGGTATGCCGACTAAACGCTTTGATAAAAAACACTGGAAGATGGTGGTGGTGCTACTGGCAATCTGTGGCGCTATGTTGTTGCTACGTTGGGCAGCAATGATTTGGGGCTGAGCAGTGACAAACGAAGACAGCCAGACCGCATAACACGGTCCGGCAGATAATTTTACATGCTGTAGCCCAGCGATAAGGTTGTCCGACGGTCGGTATGTTCCGGTGCAGACTCTGGAGGTTCAGAGTT
snip00032,512,2320569,systematic,0.5000,1.9985,ATTAACCGAAGATATTCGCCGCCAGGCCTGGAAAATGGATGTGAGGATTATCATTGTGCTCACCGCTGGTTTGCTGATAAGCCTGCTGTTGATTGTCCTTTTCTCCCGTCGCCTGAGCGCCAATATTGATATCATCACCGATGGCCTCTCGACTCTGGCACAAAATATTCCCACTCGATTACCACAATTGCCCGGTGAAATGGGGCAAATCAGTCAGAGTGTTAATAACCTCGCCCAGGCACTGCGTGAAACGCGGACACTTAACGATCTGATTATTGAAAACGCTGCCGATGGCGTCATTGCCATTGACCGCCAGGGTGATGTAACCACCATGAACCCAGCAGCAGAAGTTATCACTGGCTATCAACGCCATGAACTGGTAGGGCAGCCTTACTCCATGTTGTTCGACAATACTCAGTTCTACAGTCCAGTACTGGATACGCTGGAACATGGCACCGAACATGTGGCGCTGGAGATCAGTTTTCCAGGTCGTGACCGCACCATTGAACTCA
snip00033,512,2836251,systematic,0.5801,1.9798,GAACATTTTTAAAGCCCGGAGGCAAAGCCAGCGCATCCGGCACATACCCCCGCGAACGGCGCAGCATTTCGCCGCTTTCGCGCACCACCGAATCATCCATCCGCTGCACGATGTCGCGGTTATGTATCAAGAATCCGTCGGCAATGCCCTGCAAATCCGCCAGCGCCTGTTCGTTGCTGATAGCTGGTGGTTTACCGCTCAGGTTGCCGGAGGTCATCACCAGCGGGCATTGCAGTTCCTGTAACAGCAAATGCTGGAGCGGGTTCGCAGGCAACATTACCCCGACTTCGTTAAGGTCAGGGGCGATATCATCACAAAGCTCAGGAACGTATTTTTTATCCACCAGCACAATCGGCGCGGCGGGCGTGGTAAGCAACTGGCGCGCAGCGTCTGGTAAACCGTCAGCCACTGGCAACATGACCGCCAGCGGTTTCGCCGGGCGATGTTTGCGCGCCCGAAGTGTCGCCACCGCGTTACTGTTACGTGCATCGCAGGCAAGATGAAATCCGCCA
snip00034,512,3351933,systematic,0.5117,1.9981,ATCGGCAAGGAAGCTGGTGAAATCAACCGGTTGATTATCAAGCTGGACCTTGCGCCGTTCCATCTTATCCATGTCGATAATATCGTTAAAGATATTCCCCAGCGTGACGGCCGAAACATGGATGGTCTTGAGATATTTTTCCTGCTCGGCGGTGAGTTCGGTATCCAGCAGAATGCGGCTCAGACCGACGATACCGTTCAGCGGTGTACGCAATTCGTGACTGATGGTGGAGATAAACGTCGTTTTGTCGCGGCTGGCCCGTTCAAGCGCATCCTGATACCGCTTACGCTCGGTAATGTCGCGACCAAAGCCCATCAAACCGTGACGTTTACCCACGCGGTCGTAGTACGGCACTTTACGGATTTCAAAGCAGGCTTTGCGCCCGTCCGGGTAATCCAGCCACTGTTCATAGGTCAGTGACACATTATGACGGAACACTTTTTCATCGGTTTCAATGACTTTTGCGGCGGCTTCCGGTGAGTAAACATCAGCAGGTTTCAGGTGAACCAGTT
snip00035,512,3867615,systematic,0.5215,1.9950,AAACGTTAAAGTGCGATAGCCGCCACAGTGCGACGTAATGATGATGTTATTTTCAGCAAGGGATCGCTATAACTCATCAGGCCAACACCCACGATCAACAGATGAATTTATTATGATAAGAAATGTGTTGTTAGCGTTCATGATATGCAGCGGAATGACATTACTCGGAGGATGCTCCAGCGTGATGTCCCATACCGGAGGGAAAGAAGGAACGTATCCCGGCACCCGCGCCAGCGCAACCATGATTGGCGACGATGAAACCAACTGGGGCACTAAGTCGCTGGCGATTCTCGATATGCCGTTTACCGCTGTGATGGACACGCTTTTACTGCCGTGGGATGTGTTCCGCAAAGACAGCTCGGTGCGCTCGCGCGTTGAAAAAAGCGAAGCCAACGCGCAAGCCACCAATGCGGTTATTCCACCGGCCAGAATGCCTGATAACTGATTTAGCGATCAGTTTCGGTGATCCACAGCTGGCCGCCTTCCATCCACGCCAGCCACTGACCATCCGG
snip00036,512,4383297,systematic,0.4824,1.9917,AGGCATCACTGGCGCAAATCAGTACCGAAGATCATCGGGTCGCTGAACGCTTTGAGGTTTATTATAAAGGTATTGAGCTGGCGAATGGTTTCCATGAATTGACGGATGCCCGTGAGCAGCAACAACGCTTTGAACAAGATAACCGTAAGCGCGCGGCGCGCGGTTTGCCGCAGCACCCCATTGACCAGAATCTGATTGAAGCCTTGAAAGTCGGTATGCCTGACTGTTCCGGCGTGGCATTAGGTGTTGATCGTCTGGTGATGTTGGCGCTGGGCGCGGAGACACTGGCTGAAGTCATCGCCTTTAGCGTTGACCGGGCATAATTCTGAAAAATTACTGAATTAACAGCGAAGAATGGCGTGATAAGCGCCATTCTGTAGCATATGTTTTCATTTTTCCGTTAAAGGCCACAATTTAAGACTGGATATTTGATATCATCCAGGTATCAATTCTGTATTGGTTTTTACGCTGCCTGCTCAATGTTGCGCAGTGCAGTTCAGTGGGCACGTGTT
snip00037,1000,257814,systematic,0.5200,1.9986,AACAGGAGATAGCAATGACGTTACCGAGTGGACACCCGAAGAGCAGATTGATCAAAAAATTTACCGCACTAGGCCCGTATATTCGTGAAGGTAGGTAATGACTCCAACTTATTGATAGTGTTTTATGTTCAGATAATGCCCGATGACTTTGTCATGCAGCTCCACCGATTTTGAGAACGACAGCGACTTCCGTCCCAGCCGTGCCAGGTGCTGCCTCAGATTCAGGTTATGCCGCTCAATTCGCTGCGTATATCGCTTGCTGATTACGTGCAGCTTTCCCTTCAGGCGGGATTCATACAGCGGCCAGCCATCCGTCATCCATATCACCACGTCAAAGGGTGACAGCAGGCTCATAAGACGCCCCAGCGTCGCCATAGTGCGTTCACCGAATACGTGCGCAACAACCGTCTTCCGGAGACTGTCATACGCGTAAAACAGCCAGCGCTGGCGCGATTTAGCCCCGACATAGCCCCACTGTTCGTCCATTTCCGCGCAGACGATGACGTCACTGCCCGGCTGTATGCGCGAGGTTACCGACTGCGGCCTGAGTTTTTTAAGTGACGTAAAATCGTGTTGAGGCCAACGCCCATAATGCGGGCTGTTGCCCGGCATCCAACGCCATTCATGGCCATATCAATGATTTTCTGGTGCGTACCGGGTTGAGAAGCGGTGTAAGTGAACTGCAGTTGCCATGTTTTACGGCAGTGAGAGCAGAGATAGCGCTGATGTCCGGCGGTGCTTTTGCCGTTACGCACCACCCCGTCAGTAGCTGAACAGGAGGGACAGCTGATAGAAACAGAAGCCACTGGAGCACCTCAAAAACACCATCATACACTAAATCAGTAAGTTGGCAGCATCACCTGAAGGTAAGTGCAAAGATAATCGATTCTTTTTCGATTGTCTGGCTGTATGCGTCAACGTGAAACCGGCACCGGAAGTGCGTGAATTCTGGGGCTGGTGGATGGAGCTGGAAGCGCAGGAATCCCGTTTTACCTACAGT
snip00038,1000,773442,systematic,0.5290,1.9914,TGGTGTAGCGTTCGGTAACCTGTTGCAGGGCGTACCGTTCAACGTTGATGAATATCTGCGTCTGTACTACACCGGTAACTTCTTCCAGTTGCTTAACCCGTTCGGCCTGCTGGCAGGCGTGGTGAGCGTAGGGATGATCATTACTCAGGGCGCAACCTATCTGCAAATGCGTACCGTGGGCGAACTGCACCTGCGTACCCGTGCAACGGCTCAGGTGGCTGCGCTGGTGACACTGGTCTGTTTCGCACTGGCTGGCGTATGGGTGATGTACGGTATCGATGGTTATGTCGTGAAATCGACAATGGACCATTACGCAGCCTCTAACCCACTGAATAAAGAAGTGGTTCGTGAAGCTGGCGCATGGCTGGTTAACTTCAACAACACGCCAATTCTGTGGGCTATTCCGGCACTGGGTGTGGTTCTGCCGCTGCTGACCATCCTGACTGCACGTATGGATAAAGCCGCGTGGGCGTTTGTGTTCTCCTCCCTGACGCTGGCCTGCATCATCCTGACAGCCGGTATCGCAATGTTCCCGTTTGTGATGCCGTCCAGCACCATGATGAACGCAAGTCTGACAATGTGGGATGCAACTTCCAGCCAGCTGACGCTTAACGTCATGACCTGGGTTGCGGTGGTTCTGGTACCGATCATTCTGCTCTACACCGCCTGGTGTTACTGGAAAATGTTCGGTCGTATCACCAAAGAAGATATTGAACGTAACACCCACTCTCTGTACTAAGTAAGGAGCTAAAAATGTGGTATTTCGCATGGATTCTGGGAACGCTTCTTGCCTGTTCGTTTGGGGTAATCACCGCGCTGGCGCTTGAACACGTCGAATCAGGCAAAGCCGGTCAAGAAGACATCTGATGAGTAAGATTATCGCGACTTTGTATGCGGTAATGGACAAGCGCCCCCTGCGGGCGCTTTCCTTCGTGATGGCGCTTCTGTTAGCAGGATGTATGTTTTGGGACCCATCTCGTTTTGCCGCGAAGACCAGTGA
snip00039,1000,1289070,systematic,0.4950,1.9967,ACATAAGGGTGGCAACATAGGCTATACTCGACAGCACTACCACAGGGACAAAGCTGAGACACAAATAATCTCCCTGGAAACAATAACGGCGTATTAACCGCCTGAGTAGCACTATGTTAACCGAGCAGTAGCGATGTGGCTACGATTGCATTCCAGGGGAATCTTGCGGGAATAATGAGAAAGATAAAAATAGGGCTGGCGCTGGGATCTGGCGCGGCGAGAGGTTGGTCGCATATTGGCGTTATTAATGCGCTAAAAAAAGTGGGTATTGAAATTGATATCGTTGCAGGATGTTCAATTGGTTCGCTGGTGGGCGCTGCCTATGCATGCGATCGATTATCTGCGCTGGAAGATTGGGTGACCTCTTTCAGTTATTGGGATGTTTTACGCCTGATGGATCTCTCCTGGCAGCGCGGTGGGTTACTGCGCGGCGAGCGTGTCTTCAATCAATACCGCGAAATAATGCCGGAAACAGAGATCGAAAATTGTTCCCGTCGCTTTGCGGCTGTTGCCACCAATTTAAGTACGGGACGTGAATTATGGTTTACTGAAGGCGATCTCCATCTTGCTATTCGCGCATCATGCAGTATTCCAGGACTCATGGCACCTGTTGCACATAACGGCTACTGGCTGGTTGATGGAGCAGTCGTTAACCCAATTCCTATTTCCCTCACGCGTGCATTGGGGGCTGATATTGTGATAGCGGTTGACCTGCAGCACGATGCTCATTTGATGCAACAAGATTTGCTCTCCTTTAATGTCAGTGAAGAAAATAGCGAGAATGGTGATTCTCTGCCGTGGCATGCGCGTCTGAAAGAAAGGTTAGGCAGCATAACGACACGTCGGGCGGTGACAGCGCCAACGGCAACAGAGATTATGACCACTTCTATCCAGGTGCTGGAGAACCGCCTTAAAAGGAACCGCATGGCAGGTGATCCGCCCGATATTCTGATTCAACCTGTTTGCCCGCAAATATCTACGCTTGATTTCCATCGCGCGC
snip00040,1000,1804698,systematic,0.4460,1.9902,ATTAAAAGGAGCTACAGCACAGGGAACCCCTGCATTATACATCGCCATGAGCAAGGGTAATGAAGACGTCGTGTTATCTTATATATCGACGCTGGGTGCTTTTGCAAAAAAACATTCTTTTAGTCAACATCAGTTATTTACACTATTGGCCGCTAAAAATCATGACAACATGTCAGCTGTTCATATAGCCATTCATCATAAGCATTATAAAACTGTAGAAACATATTATGCTGCTATTAATGCAATCAGCCAAAGCCTGAGTTTTAGTGCTGATGAAATAAAGACGTATTTATAACCAGCTATTTACGATATATATCGATACATAATTTTATTTTTTTCATAAAACGCAGAAACAGTGACCATGTGCACAACGCCACCCGACGGCTGTAATAACAAAAAATCCCTTGATGCCTGTCCCTTTTGTTACACTCCGTTATCACGCACAAGAGATATGCAGGACACTGGTATGCCGACTAAACGCTTTGATAAAAAACACTGGAAGATGGTGGTGGTGCTACTGGCAATCTGTGGCGCTATGTTGTTGCTACGTTGGGCAGCAATGATTTGGGGCTGAGCAGTGACAAACGAAGACAGCCAGACCGCATAACACGGTCCGGCAGATAATTTTACATGCTGTAGCCCAGCGATAAGGTTGTCCGACGGTCGGTATGTTCCGGTGCAGACTCTGGAGGTTCAGAGTTCCATGTGACGTTGTAAGCCACCTTCAGTCCAAAATGTTCATTAATAGCAACATTTAATGCGCTTTCGGAGTTCAGCGTTGTGTCTTCCGCGCCAAAGACCGAAACACCCTGCGTAAATTTAGCGTTGTCAGTCAACTGCCATGCATAAGCCCCGGAGGCATAGCCCAGCGGCTGGGTTTCACTGGCATTGTCGGTATATTTGTCGTAACGCACACCTGGACCGAATTCAAAGCGGAAACTGTGTACCGGGCCATTCAAAAACTGACGACCATAACCCGCGGTCAACACATCGCGCTCTC
snip00041,1000,2320326,systematic,0.4990,1.9992,CTTCCCTGGCATCGGTGCTGGTTATTACAACAAAATGCTGGATGCGATAATCACCTACGCGCCTTCAGCGCTATATCAGAATAATGTCGGCGTTACCATTGCCGCAGATCACCCTGGTCGCGAAGTGATGCGTACAAATACCCCTTTAGTTTATTCAGGCAGGCAGGTGCGCGGCGATATTTTGAATTCAATGCTCCCCATTGAGCGTAATGGTGAAATCCTCGGCTATATCTGGGCCAATGAATTAACCGAAGATATTCGCCGCCAGGCCTGGAAAATGGATGTGAGGATTATCATTGTGCTCACCGCTGGTTTGCTGATAAGCCTGCTGTTGATTGTCCTTTTCTCCCGTCGCCTGAGCGCCAATATTGATATCATCACCGATGGCCTCTCGACTCTGGCACAAAATATTCCCACTCGATTACCACAATTGCCCGGTGAAATGGGGCAAATCAGTCAGAGTGTTAATAACCTCGCCCAGGCACTGCGTGAAACGCGGACACTTAACGATCTGATTATTGAAAACGCTGCCGATGGCGTCATTGCCATTGACCGCCAGGGTGATGTAACCACCATGAACCCAGCAGCAGAAGTTATCACTGGCTATCAACGCCATGAACTGGTAGGGCAGCCTTACTCCATGTTGTTCGACAATACTCAGTTCTACAGTCCAGTACTGGATACGCTGGAACATGGCACCGAACATGTGGCGCTGGAGATCAGTTTTCCAGGTCGTGACCGCACCATTGAACTCAGTGTCACTACCAGTCGTATTCATAACACGCACGGTGAAATGATAGGTGCTTTGGTGATTTTCTCTGATTTAACTGCCCGCAAAGAAACCCAGCGCCGCATGGCGCAAGCAGAACGCCTCGCCACACTGGGTGAGCTGATGGCTGGCGTCGCGCATGAAGTACGTAATCCGTTAACGGCTATTCGTGGTTATGTACAGATCTTGCGCCAACAAACCAGTGACCCAATACATCAGGAATATCTGTCC
snip00042,1000,2835954,systematic,0.5730,1.9835,GCGGCCACTGATGCTCTGCCAGACACGCCGCTGCATGGGCATGATGATGCAGTACCGTTTGCGTCGGCAGATTCATTTCACGCGCCCACTGGCTGGAGACATAGCCCGGATGCGCGTCATGCACAACGTATTGCGGGGTAAAATCGTAGATGTTTTGCATCAGGCGTAACGCTTCGCGCCACTGCATCTGGATGCCATCGTCACTTAAATCGCCCAGATGCTGACTCAACACCGCTTGTTCACCGCGCACCAGGCAGAAGGTATTTTTCAGATCCGCGCCGAGACACAGCACAGGCGGAACATTTTTAAAGCCCGGAGGCAAAGCCAGCGCATCCGGCACATACCCCCGCGAACGGCGCAGCATTTCGCCGCTTTCGCGCACCACCGAATCATCCATCCGCTGCACGATGTCGCGGTTATGTATCAAGAATCCGTCGGCAATGCCCTGCAAATCCGCCAGCGCCTGTTCGTTGCTGATAGCTGGTGGTTTACCGCTCAGGTTGCCGGAGGTCATCACCAGCGGGCATTGCAGTTCCTGTAACAGCAAATGCTGGAGCGGGTTCGCAGGCAACATTACCCCGACTTCGTTAAGGTCAGGGGCGATATCATCACAAAGCTCAGGAACGTATTTTTTATCCACCAGCACAATCGGCGCGGCGGGCGTGGTAAGCAACTGGCGCGCAGCGTCTGGTAAACCGTCAGCCACTGGCAACATGACCGCCAGCGGTTTCGCCGGGCGATGTTTGCGCGCCCGAAGTGTCGCCACCGCGTTACTGTTACGTGCATCGCAGGCAAGATGAAATCCGCCAATCCCTTTGATGGCGACAATTTTGCCCATTTTTAACTGTGCGATAGCTGCCTGTAATGCCGCCTCTTGTTCCGCATGTTCACCATGACTTACCCATTCAAGATGCGGGCCACACTCCGGGCAGGCCACCGGCTGGGCGTGGAAGCGACGATCGAGCGGGTCACGGTACTCTTTGTCACAGGCCGGACATAG
snip00043,1000,3351582,systematic,0.5150,1.9986,TTTCGCCAGACGACGAGAAACGGCCAGACCAATACCGGTGCCGGTGGCAGGTTTACCGCCATGACTGTCTTTCACCTGGTAATACATGGCGAAAATTTTATCCAGCTCATCCTGCGGAATGCCGATACCAGAGTCTTCCACTTCAAAATGCAGCATATCGCCTTCATCGTAGCGCACGCGCACGGTAACCTGGCCTTGCTGGGTGAATTTGACGGCGTTACTGATGAGGTTCCACAGGATCTGCCGTAAACGCGTCCCGTCGGTAATGACCTGATGCGGTAATGGCAGCGTCGGCTCCAGGTTAAAGCGCAATCCTTTTTGTTGCGCCTGCAATGCGGAGAGATTTTCCAGATCGGCAAGGAAGCTGGTGAAATCAACCGGTTGATTATCAAGCTGGACCTTGCGCCGTTCCATCTTATCCATGTCGATAATATCGTTAAAGATATTCCCCAGCGTGACGGCCGAAACATGGATGGTCTTGAGATATTTTTCCTGCTCGGCGGTGAGTTCGGTATCCAGCAGAATGCGGCTCAGACCGACGATACCGTTCAGCGGTGTACGCAATTCGTGACTGATGGTGGAGATAAACGTCGTTTTGTCGCGGCTGGCCCGTTCAAGCGCATCCTGATACCGCTTACGCTCGGTAATGTCGCGACCAAAGCCCATCAAACCGTGACGTTTACCCACGCGGTCGTAGTACGGCACTTTACGGATTTCAAAGCAGGCTTTGCGCCCGTCCGGGTAATCCAGCCACTGTTCATAGGTCAGTGACACATTATGACGGAACACTTTTTCATCGGTTTCAATGACTTTTGCGGCGGCTTCCGGTGAGTAAACATCAGCAGGTTTCAGGTGAACCAGTTGTTTTTCGCTTTTTCCGGTCAGCAGCTCCATCGCGCGGTTACAGCCGGAAAACTCTTTATCTTCGTTACGATAAAAAACCAGGTCGGGTGAAGCATCAAGGAAGGAACGTAAGAATGAGGATTGCTGCTCGAGCTGA
snip00044,1000,3867210,systematic,0.5030,1.9975,ACCAGCAGATTATCCTGGGCGGTAATTTCCAGTTCGCTCTCAGCAAAACCAGCCACAGCGATAGCAATGCGGTAATGGTTTTCGTCTACCAGTTCAACGTTATACGGAGGGTAGCCGCCATTACTCTGGCTCTGGTTGTTTTCTAAGTGGTTAAACAAACGGTCAAATCCAATAGCAGAACGGTAAAGCGGGGATAAATCAAAGTTACGCATAATCAATAGCTCCTGAAATCAGCGAGAATGTAAGACCTTCCACAATGGACAGGTCAGGTAGCCAGAACACCCATCAGGCGCGTCCTCATCGGCTACGATGTAAAAATGGGTCTGGAAATGAACTTTTCAAGCCTTATCAGCGGACTTTTTTTTGCAGTTTATGGTCTATTGCATAGACTGAGGGGGCAGCACGAAACGTTAAAGTGCGATAGCCGCCACAGTGCGACGTAATGATGATGTTATTTTCAGCAAGGGATCGCTATAACTCATCAGGCCAACACCCACGATCAACAGATGAATTTATTATGATAAGAAATGTGTTGTTAGCGTTCATGATATGCAGCGGAATGACATTACTCGGAGGATGCTCCAGCGTGATGTCCCATACCGGAGGGAAAGAAGGAACGTATCCCGGCACCCGCGCCAGCGCAACCATGATTGGCGACGATGAAACCAACTGGGGCACTAAGTCGCTGGCGATTCTCGATATGCCGTTTACCGCTGTGATGGACACGCTTTTACTGCCGTGGGATGTGTTCCGCAAAGACAGCTCGGTGCGCTCGCGCGTTGAAAAAAGCGAAGCCAACGCGCAAGCCACCAATGCGGTTATTCCACCGGCCAGAATGCCTGATAACTGATTTAGCGATCAGTTTCGGTGATCCACAGCTGGCCGCCTTCCATCCACGCCAGCCACTGACCATCCGGCGAGAAGACCACGGCGTCCGCAGAAGGTGAATTGGCGTGGTGTTCGGTTAAATACTCAACCTCGCCGCTTTGCGCATGGGCAC
snip00045,1000,4382838,systematic,0.4950,1.9975,CGCAGGGGATGAATCTCTGGTTAATGACCAGCCCGGAATACCATATGAAACGCCTGCTGGTTGCCGGTTGTGGGCCGGTATTCCAGCTGTGCCGCAGCTTCCGTAATGAAGAGATGGGGCGTTATCACAACCCTGAGTTCACTATGCTGGAGTGGTATCGACCGCACTATGATATGTACCGGTTGATGAACGAGGTGGACGATCTCTTACAACAGGTGCTGGACTGCCCGGCAGCAGAAAGCCTTTCTTATCAACAAGCTTTCTTGCGTTATCTGGAAATTGACCCGCTCTCTGCCGACAAAACGCAACTGCGGGAAGTCGCAGCGAAACTGGATTTGAGCAATGTTGCTGATACCGAAGAAGACCGCGACACGCTGCTACAATTGCTGTTTACCTTTGGCGTAGAGCCAAATATTGGCAAAGAAAAACCGACCTTTGTGTACCACTTTCCAGCCAGCCAGGCATCACTGGCGCAAATCAGTACCGAAGATCATCGGGTCGCTGAACGCTTTGAGGTTTATTATAAAGGTATTGAGCTGGCGAATGGTTTCCATGAATTGACGGATGCCCGTGAGCAGCAACAACGCTTTGAACAAGATAACCGTAAGCGCGCGGCGCGCGGTTTGCCGCAGCACCCCATTGACCAGAATCTGATTGAAGCCTTGAAAGTCGGTATGCCTGACTGTTCCGGCGTGGCATTAGGTGTTGATCGTCTGGTGATGTTGGCGCTGGGCGCGGAGACACTGGCTGAAGTCATCGCCTTTAGCGTTGACCGGGCATAATTCTGAAAAATTACTGAATTAACAGCGAAGAATGGCGTGATAAGCGCCATTCTGTAGCATATGTTTTCATTTTTCCGTTAAAGGCCACAATTTAAGACTGGATATTTGATATCATCCAGGTATCAATTCTGTATTGGTTTTTACGCTGCCTGCTCAATGTTGCGCAGTGCAGTTCAGTGGGCACGTGTTATACACGCGCTGAAATGAAGGATGGTTTC
snip00046,2000,257758,systematic,0.4935,1.9998,ACGCTTGTGTTAAAAATTTGCTAAATTTTGCCAATTTGGTAAAACAGTTGCATCACAACAGGAGATAGCAATGACGTTACCGAGTGGACACCCGAAGAGCAGATTGATCAAAAAATTTACCGCACTAGGCCCGTATATTCGTGAAGGTAGGTAATGACTCCAACTTATTGATAGTGTTTTATGTTCAGATAATGCCCGATGACTTTGTCATGCAGCTCCACCGATTTTGAGAACGACAGCGACTTCCGTCCCAGCCGTGCCAGGTGCTGCCTCAGATTCAGGTTATGCCGCTCAATTCGCTGCGTATATCGCTTGCTGATTACGTGCAGCTTTCCCTTCAGGCGGGATTCATACAGCGGCCAGCCATCCGTCATCCATATCACCACGTCAAAGGGTGACAGCAGGCTCATAAGACGCCCCAGCGTCGCCATAGTGCGTTCACCGAATACGTGCGCAACAACCGTCTTCCGGAGACTGTCATACGCGTAAAACAGCCAGCGCTGGCGCGATTTAGCCCCGACATAGCCCCACTGTTCGTCCATTTCCGCGCAGACGATGACGTCACTGCCCGGCTGTATGCGCGAGGTTACCGACTGCGGCCTGAGTTTTTTAAGTGACGTAAAATCGTGTTGAGGCCAACGCCCATAATGCGGGCTGTTGCCCGGCATCCAACGCCATTCATGGCCATATCAATGATTTTCTGGTGCGTACCGGGTTGAGAAGCGGTGTAAGTGAACTGCAGTTGCCATGTTTTACGGCAGTGAGAGCAGAGATAGCGCTGATGTCCGGCGGTGCTTTTGCCGTTACGCACCACCCCGTCAGTAGCTGAACAGGAGGGACAGCTGATAGAAACAGAAGCCACTGGAGCACCTCAAAAACACCATCATACACTAAATCAGTAAGTTGGCAGCATCACCTGAAGGTAAGTGCAAAGATAATCGATTCTTTTTCGATTGTCTGGCTGTATGCGTCAACGTGAAACCGGCACCGGAAGTGCGTGAATTCTGGGGCTGGTGGATGGAGCTGGAAGCGCAGGAATCCCGTTTTACCTACAGTTACCAGTTTGGTCTGTTCGATAAAGCAGGCGACTGGAAGAGTGTTCCGGTAAAAGACACTGAAGTGGTTGAACGACTGGAGCACACCCTGCGTGAGTTTCACGAGAAGCTGCGTGAACTGCTGACGACGCTGAATCTGAAGCTGGAACCGGCGGATGATTTTCGTGACGAGCCGGTGAAGTTAACGGCGTGAGTGAAATGTGCCGGATGCATCACATCCGGCAATATTCATTAAAACTGATACGTCATGCCAACCGCGACAATATCATCATTATTAATATTCAATTTGTTATCGCTATCCAGTTGGTTGATTTTATAATCAACAAACGCTGACATATTTTTGTTGAAATAATACGTAGCACCGACGTCGATATAATTGACCAGATCTTCATCACCGATACCTTCAATATCTTTCCCTTTCGATAAGACATAACCCAGCGATGGACGCAGACCAAAGTCAAACTGGTATTGAGCGACCGCTTCAAAGTTCTGTGTCTTATTGGCAAAGCCGCCAGTTATTGGCGTCATTTTGCGTGTTTCAGAATAGAAAGTTGCCAGATAAATATTATTGGCATCGTATTTCAGACCTGTTGCCCATGCTTCTGCACGCTTGCCTGTGCCACGGCTTTGCAGGTTCTGCTCGTTGGTGCGATCTGAGTTGGTATAGGCCCCACTAATGGCGAAATCGCTGCCGCCAAAGTCATATGTCAATGACGTGCCGAAGCCATCGCCGTTTTGCTTTTTAACGTCGCGGTTTTCGTTTTTCCCTTGATATTGCAGGGTTAAGTTCAGGCCATCGATAACGCCGAAGAAGTCGGTGTTCCGATACGTCGCCAGACCGCTGGCGCGTTTGGTCATAAAGTTGTCGGTCTGCGCCGAGGAATCGCCACCAAATTCCGGGAACATATCGGTCCAGGCTTCCACGTCATACAACGCCCCCAGGTT
snip00047,2000,773274,systematic,0.5045,1.9899,CTATGCCGCTGCGTTCTCCGGCTTCTATGTGGCGATGATCCTCGTGCTGGCGTCTTTGTTCTTCCGTCCGGTCGGTTTTGACTACCGCTCCAAGATTGAAGAAACCCGCTGGCGTAACATGTGGGACTGGGGCATCTTCATTGGTAGCTTCGTTCCGCCGCTGGTAATTGGTGTAGCGTTCGGTAACCTGTTGCAGGGCGTACCGTTCAACGTTGATGAATATCTGCGTCTGTACTACACCGGTAACTTCTTCCAGTTGCTTAACCCGTTCGGCCTGCTGGCAGGCGTGGTGAGCGTAGGGATGATCATTACTCAGGGCGCAACCTATCTGCAAATGCGTACCGTGGGCGAACTGCACCTGCGTACCCGTGCAACGGCTCAGGTGGCTGCGCTGGTGACACTGGTCTGTTTCGCACTGGCTGGCGTATGGGTGATGTACGGTATCGATGGTTATGTCGTGAAATCGACAATGGACCATTACGCAGCCTCTAACCCACTGAATAAAGAAGTGGTTCGTGAAGCTGGCGCATGGCTGGTTAACTTCAACAACACGCCAATTCTGTGGGCTATTCCGGCACTGGGTGTGGTTCTGCCGCTGCTGACCATCCTGACTGCACGTATGGATAAAGCCGCGTGGGCGTTTGTGTTCTCCTCCCTGACGCTGGCCTGCATCATCCTGACAGCCGGTATCGCAATGTTCCCGTTTGTGATGCCGTCCAGCACCATGATGAACGCAAGTCTGACAATGTGGGATGCAACTTCCAGCCAGCTGACGCTTAACGTCATGACCTGGGTTGCGGTGGTTCTGGTACCGATCATTCTGCTCTACACCGCCTGGTGTTACTGGAAAATGTTCGGTCGTATCACCAAAGAAGATATTGAACGTAACACCCACTCTCTGTACTAAGTAAGGAGCTAAAAATGTGGTATTTCGCATGGATTCTGGGAACGCTTCTTGCCTGTTCGTTTGGGGTAATCACCGCGCTGGCGCTTGAACACGTCGAATCAGGCAAAGCCGGTCAAGAAGACATCTGATGAGTAAGATTATCGCGACTTTGTATGCGGTAATGGACAAGCGCCCCCTGCGGGCGCTTTCCTTCGTGATGGCGCTTCTGTTAGCAGGATGTATGTTTTGGGACCCATCTCGTTTTGCCGCGAAGACCAGTGAACTGGAAATCTGGCATGGTTTATTGCTGATGTGGGCCGTCTGTGCTGGTGTGATTCACGGCGTGGGCTTTCGTCCGCAGAAGGTTCTTTGGCAAGGGATTTTTTGCCCATTGCTTGCCGATATTGTTCTCATTGTCGGGCTGATTTTCTTCTTCTTTTAAATCAGAATTCTCTTTAAAAAATTATGGGCCGCTCCAGGCCCATAAATTTTTACGCTCCCTTAACTTGCCCTCATTCCCAAACCTCAATCGCGCGCGTATAGTAGCAGCGTTTAAAAGCTCTAACTTTTGTTGCATTACCGGGATGTAAAGTGAATACAACGCTGTTTCGATGGCCGGTTCGCGTCTACTATGAAGATACCGATGCCGGTGGTGTGGTGTACCACGCCAGTTACGTCGCTTTTTATGAAAGAGCACGCACAGAGATGCTGCGTCATCATCACTTCAGTCAGCAGGCGCTGATGGCTGAACGCGTTGCCTTTGTGGTACGTAAAATGACGGTGGAATATTACGCACCTGCGCGGCTCGACGATATGCTCGAAATACAGACTGAAATAACATCAATGCGTGGCACCTCTTTGGTTTTCACGCAACGTATTGTCAACGCCGAGAATACTTTGCTGAATGAAGCAGAGGTTCTGGTTGTTTGCGTTGACCCACTCAAAATGAAGCCTCGTGCGCTTCCCAAGTCTATTGTCGCGGAGTTTAAGCAGTGACTGACATGAATATCCTTGATTTGTTCCTGAAGGCTAGCCTTCTGGTTAAACTTATCATGTTGATTTTGATTGGTTTTTCAATCGCATCTTGGGCCATTATTATCCAGCGGACCCGTAT
snip00048,2000,1288790,systematic,0.4900,1.9979,TCGCGAACGTTCAATTATTGCACCTGTTTTACCACCTTCGGTAAATCGAGCAACAAAACTGACAAATCCGATATTGTCGGCGTCCTGCCAACAATGTTCAAATACGGTCAATCCCAACCATTCAGTATGCGCAAATCCGGCCATCAATTCGGCACGTAACGCCGCTGCTCCACAAGAGGGATGCCAGGTCTTTATTAAATAATCTGCGTCTTGCATCACAAAAGCGCAGTAACGCGAACGCATGAGATGTTCTGGATCAGGTGCAACCTTTTCACCAGACACATAAGGGTGGCAACATAGGCTATACTCGACAGCACTACCACAGGGACAAAGCTGAGACACAAATAATCTCCCTGGAAACAATAACGGCGTATTAACCGCCTGAGTAGCACTATGTTAACCGAGCAGTAGCGATGTGGCTACGATTGCATTCCAGGGGAATCTTGCGGGAATAATGAGAAAGATAAAAATAGGGCTGGCGCTGGGATCTGGCGCGGCGAGAGGTTGGTCGCATATTGGCGTTATTAATGCGCTAAAAAAAGTGGGTATTGAAATTGATATCGTTGCAGGATGTTCAATTGGTTCGCTGGTGGGCGCTGCCTATGCATGCGATCGATTATCTGCGCTGGAAGATTGGGTGACCTCTTTCAGTTATTGGGATGTTTTACGCCTGATGGATCTCTCCTGGCAGCGCGGTGGGTTACTGCGCGGCGAGCGTGTCTTCAATCAATACCGCGAAATAATGCCGGAAACAGAGATCGAAAATTGTTCCCGTCGCTTTGCGGCTGTTGCCACCAATTTAAGTACGGGACGTGAATTATGGTTTACTGAAGGCGATCTCCATCTTGCTATTCGCGCATCATGCAGTATTCCAGGACTCATGGCACCTGTTGCACATAACGGCTACTGGCTGGTTGATGGAGCAGTCGTTAACCCAATTCCTATTTCCCTCACGCGTGCATTGGGGGCTGATATTGTGATAGCGGTTGACCTGCAGCACGATGCTCATTTGATGCAACAAGATTTGCTCTCCTTTAATGTCAGTGAAGAAAATAGCGAGAATGGTGATTCTCTGCCGTGGCATGCGCGTCTGAAAGAAAGGTTAGGCAGCATAACGACACGTCGGGCGGTGACAGCGCCAACGGCAACAGAGATTATGACCACTTCTATCCAGGTGCTGGAGAACCGCCTTAAAAGGAACCGCATGGCAGGTGATCCGCCCGATATTCTGATTCAACCTGTTTGCCCGCAAATATCTACGCTTGATTTCCATCGCGCGCACGCTGCCATTGCGGCCGGACAGCTGGCAGTGGAAAGGAAAATGGACGAACTTTTGCCGTTGGTACGCACCAACATTTGACCAGAATTTTTATCTACACTTAAGTTAATTCTGACAGGCGCAGGTGGCAATAGCATGCCACTATTGAGTAAAGCCAGTCAGGGGAGAGAACATGACGCAGCCATTGGTCGGAAAACAGATTCTCATTGTTGAAGATGAGCAGGTATTTCGCTCGCTTCTGGATTCATGGTTTTCCTCATTGGGAGCGACAACGGTACTGGCGGCTGATGGGGTGGATGCCCTTGAGTTGCTGGGAGGTTTCACTCCAGACCTGATGATATGTGATATCGCGATGCCACGAATGAACGGGCTTAAACTGCTGGAGCATATACGTAACAGAGGCGACCAGACCCCAGTTCTGGTGATATCTGCCACTGAAAATATGGCAGATATTGCCAAAGCGTTACGTCTGGGCGTTGAAGATGTTTTGCTGAAACCAGTTAAAGATCTGAATCGCTTGCGCGAGATGGTTTTTGCCTGTCTCTATCCCAGCATGTTTAATTCGCGCGTTGAGGAAGAGGAAAGGCTTTTTCGCGACTGGGATGCAATGGTTGATAACCCTGCCGCAGCGGCGAAATTATTACAGGAACTACAACCGCCGGTTCAGCAGGTGATTTCCCATTGCCGGGTTAATTATCGTCAATTGGTTGCCGCGGACAAA
snip00049,2000,1804306,systematic,0.4200,1.9792,TTGGCTATGATGAACGGACATACTGACAACGTGAAAATATTTATGCAAGAAATTCAGTCACTGGTAGATAATCACATCATTCATGAAGATAATCTGGTTAAATTACTGCAAACTAAAAGTGCTAACGAAACACCTGGACTTTATATCTCCATGTTGTATGGATTCGATGAAATAATCGATATCTTTCTGAATGCATTAACCACTCCAATAGCACAAGAGCTTTTAAACAAAAAACTGGTGATGAGTATTTTAGCCATGAAAATACATGATGGTGAGCCAGGATTATACGCCGCAATGGAAAATAATCACCCTTTGTGTGTCACACGGTTCCTCTCTAAAATTAATGGCATCGCCTTTAAATACAAGTTGAGCAAAGCTAACATCATGGATTTATTAAAAGGAGCTACAGCACAGGGAACCCCTGCATTATACATCGCCATGAGCAAGGGTAATGAAGACGTCGTGTTATCTTATATATCGACGCTGGGTGCTTTTGCAAAAAAACATTCTTTTAGTCAACATCAGTTATTTACACTATTGGCCGCTAAAAATCATGACAACATGTCAGCTGTTCATATAGCCATTCATCATAAGCATTATAAAACTGTAGAAACATATTATGCTGCTATTAATGCAATCAGCCAAAGCCTGAGTTTTAGTGCTGATGAAATAAAGACGTATTTATAACCAGCTATTTACGATATATATCGATACATAATTTTATTTTTTTCATAAAACGCAGAAACAGTGACCATGTGCACAACGCCACCCGACGGCTGTAATAACAAAAAATCCCTTGATGCCTGTCCCTTTTGTTACACTCCGTTATCACGCACAAGAGATATGCAGGACACTGGTATGCCGACTAAACGCTTTGATAAAAAACACTGGAAGATGGTGGTGGTGCTACTGGCAATCTGTGGCGCTATGTTGTTGCTACGTTGGGCAGCAATGATTTGGGGCTGAGCAGTGACAAACGAAGACAGCCAGACCGCATAACACGGTCCGGCAGATAATTTTACATGCTGTAGCCCAGCGATAAGGTTGTCCGACGGTCGGTATGTTCCGGTGCAGACTCTGGAGGTTCAGAGTTCCATGTGACGTTGTAAGCCACCTTCAGTCCAAAATGTTCATTAATAGCAACATTTAATGCGCTTTCGGAGTTCAGCGTTGTGTCTTCCGCGCCAAAGACCGAAACACCCTGCGTAAATTTAGCGTTGTCAGTCAACTGCCATGCATAAGCCCCGGAGGCATAGCCCAGCGGCTGGGTTTCACTGGCATTGTCGGTATATTTGTCGTAACGCACACCTGGACCGAATTCAAAGCGGAAACTGTGTACCGGGCCATTCAAAAACTGACGACCATAACCCGCGGTCAACACATCGCGCTCTCGATAGCCGTTATAACGGTCTGTCAGCCAGCTTGCCTGACCAAATAAATAGTCATAATCAGTTAAATTAAAACGGCTACGCCCGCCCGCCGCATATTTTTCTGAAGAACGCTCATCATTAGAAGAAGTATTACTGGCGTTCCCCCACAGCGACCAGGCAGTGGTGTGTCCATACCAGGTCATGGTGGTGTCAGCCGTAAGTGAGGAGCTTTTCGTATTGCCTGATTGTGCAAGATATCCTGCGTTCAGATTACCTTCGAAAGGTTTTTTAGCGCTGGCAGGATCATCCATGACAGTAAAAACGGAATCATCGGCAGCTGCATTCAGTGACGCAAACATGCCCCCCGCCAACATAACGATGGCAGGAACTGTCTTCAAAAGCTTCATTTATCAAGAGTCCGTACAACAAAAAAAGAGACCATCGCGGTCCCGGAAACTTTCTTAAGGATCAAAGATTAGCGTCCCTGGAAAGGTAACGAATTATAAAAAGGCGCGAATAACTTAGCAATGTATTCTTATTTCATTTTTTGAATAAGCATGTGGCGAAAACAGATTTTTATTTATATATATTTATCTGCAAAATTTTAAATAAAGCTCCAATAAATCATAT
snip00050,2000,2319822,systematic,0.4855,1.9977,GAACATGTAGCGCGAGGCTTTCAGGGTTGTACGAAAAGAAGCAAGGTATTTCAAAGGGGCGAAGCTCCGCCTCAGGTGACCGATGGAGTGTGGTTAAGGTAGCGGTAAAAGCGTGTTACCGCAATGTTCTCTCTTCTCTGGAATATGATACACCGCCGAGAAATCATCACCTTAACCTCTGATAATCGTCATATACCGGACAAGACTAGTGGATTTCAGCATGCATTATATGAAGTGGATTTATCCACGCCGCTTACGCAATCAAATGATCCTGATGGCAATCCTGATGGTCATTGTCCCAACGCTTACTATTGGTTATATCGTAGAAACGGAAGGACGTTCAGCAGTCTTATCTGAAAAAGAGAAAAAACTTTCTGCCGTGGTCAACCTGCTTAATCAGGCACTAGGCGATCGCTATGATCTCTACATCGACTTACCACGTGAGGAGCGTATCCGCGCATTAAATGCAGAACTTGCCCCCATTACCGAAAATATCACTCACGCCTTCCCTGGCATCGGTGCTGGTTATTACAACAAAATGCTGGATGCGATAATCACCTACGCGCCTTCAGCGCTATATCAGAATAATGTCGGCGTTACCATTGCCGCAGATCACCCTGGTCGCGAAGTGATGCGTACAAATACCCCTTTAGTTTATTCAGGCAGGCAGGTGCGCGGCGATATTTTGAATTCAATGCTCCCCATTGAGCGTAATGGTGAAATCCTCGGCTATATCTGGGCCAATGAATTAACCGAAGATATTCGCCGCCAGGCCTGGAAAATGGATGTGAGGATTATCATTGTGCTCACCGCTGGTTTGCTGATAAGCCTGCTGTTGATTGTCCTTTTCTCCCGTCGCCTGAGCGCCAATATTGATATCATCACCGATGGCCTCTCGACTCTGGCACAAAATATTCCCACTCGATTACCACAATTGCCCGGTGAAATGGGGCAAATCAGTCAGAGTGTTAATAACCTCGCCCAGGCACTGCGTGAAACGCGGACACTTAACGATCTGATTATTGAAAACGCTGCCGATGGCGTCATTGCCATTGACCGCCAGGGTGATGTAACCACCATGAACCCAGCAGCAGAAGTTATCACTGGCTATCAACGCCATGAACTGGTAGGGCAGCCTTACTCCATGTTGTTCGACAATACTCAGTTCTACAGTCCAGTACTGGATACGCTGGAACATGGCACCGAACATGTGGCGCTGGAGATCAGTTTTCCAGGTCGTGACCGCACCATTGAACTCAGTGTCACTACCAGTCGTATTCATAACACGCACGGTGAAATGATAGGTGCTTTGGTGATTTTCTCTGATTTAACTGCCCGCAAAGAAACCCAGCGCCGCATGGCGCAAGCAGAACGCCTCGCCACACTGGGTGAGCTGATGGCTGGCGTCGCGCATGAAGTACGTAATCCGTTAACGGCTATTCGTGGTTATGTACAGATCTTGCGCCAACAAACCAGTGACCCAATACATCAGGAATATCTGTCCGTAGTACTCAAAGAAATCGATTCAATTAACAAAGTTATTCAGCAATTGCTCGAATTTTCACGTCCACGCCACAGTCAATGGCAACAAGTCAGCCTCAATGCATTGGTTGAAGAAACTCTGGTACTGGTACAAACCGCCGGCGTACAAGCGCGGGTCGACTTCATAAGCGAACTGGATAATGAATTAAGCCCGATTAACGCCGATCGTGAACTGCTCAAACAGGTACTACTGAATATCCTGATCAATGCCGTCCAGGCTATCAGCGCACGAGGGAAAATTCGCATTCAAACCTGGCAATACAGCGACTCACAACAGGCCATTTCGATAGAGGACAACGGCTGTGGCATTGATCTCTCGCTGCAAAAAAAGATCTTCGATCCCTTTTTCACCACCAAAGCCTCAGGAACCGGGCTTGGTCTGGCGTTAAGTCAACGCATCATTAATGCCCATCAGGGTGATATTCGCGTCGCCAGTTTGCCGGGCTACGGCGCAACCT
snip00051,2000,2835338,systematic,0.5805,1.9782,CCGCTAAATACCAGCGTAGTGATACCACGCATCGTGGCCTGCTCACGCATCAACGCGGCAAAACCCTGCGCCAGCGCATCATGAAACGCCCACGCGCGTTGATTAACCGGTGCCTGCCAGTTCAGCCACTGCTGCCAGAAAGTGGCGAGATCCAGTTGATTGTCCACCCGCGGCATTGTCACCGGATGCGTCACTCCGTGGCATGAGGCTGCGAGCGCCTCCAGAGCACAAGCCGCTTCACCTTCATAACTTAACGTGGCTGGCGCACAGCCCAGTGCCGCCGCCACTGCATCGAAAAAACGCCCACACGATGACGCCAGCGGCGCGTTAATTCCACGCTCAATGGCCCGCGCCAGCACGCTCCAGTTTTGCTGTTGCACACTTGCTGTTTCAGAGTAATTCTGCCACTCCGGCACAAAGCGCAGGCACTGCGCCAGCAGGTTTCGCCACGGCTGCTTCGCTGCCAAATCGCCACCCGGAAGCGCCACTGCAGGCAAGCCGCCCAGGTGCTCACATTCGCGATAGTTCACCCGCAGGCACTCGCCGCCCCACAAAGCGCCGTTCTCCCCCATACCGATACCGTCGAGCGTCAAAGCAATGACATCACCGCCATCCAGCGGCCACTGATGCTCTGCCAGACACGCCGCTGCATGGGCATGATGATGCAGTACCGTTTGCGTCGGCAGATTCATTTCACGCGCCCACTGGCTGGAGACATAGCCCGGATGCGCGTCATGCACAACGTATTGCGGGGTAAAATCGTAGATGTTTTGCATCAGGCGTAACGCTTCGCGCCACTGCATCTGGATGCCATCGTCACTTAAATCGCCCAGATGCTGACTCAACACCGCTTGTTCACCGCGCACCAGGCAGAAGGTATTTTTCAGATCCGCGCCGAGACACAGCACAGGCGGAACATTTTTAAAGCCCGGAGGCAAAGCCAGCGCATCCGGCACATACCCCCGCGAACGGCGCAGCATTTCGCCGCTTTCGCGCACCACCGAATCATCCATCCGCTGCACGATGTCGCGGTTATGTATCAAGAATCCGTCGGCAATGCCCTGCAAATCCGCCAGCGCCTGTTCGTTGCTGATAGCTGGTGGTTTACCGCTCAGGTTGCCGGAGGTCATCACCAGCGGGCATTGCAGTTCCTGTAACAGCAAATGCTGGAGCGGGTTCGCAGGCAACATTACCCCGACTTCGTTAAGGTCAGGGGCGATATCATCACAAAGCTCAGGAACGTATTTTTTATCCACCAGCACAATCGGCGCGGCGGGCGTGGTAAGCAACTGGCGCGCAGCGTCTGGTAAACCGTCAGCCACTGGCAACATGACCGCCAGCGGTTTCGCCGGGCGATGTTTGCGCGCCCGAAGTGTCGCCACCGCGTTACTGTTACGTGCATCGCAGGCAAGATGAAATCCGCCAATCCCTTTGATGGCGACAATTTTGCCCATTTTTAACTGTGCGATAGCTGCCTGTAATGCCGCCTCTTGTTCCGCATGTTCACCATGACTTACCCATTCAAGATGCGGGCCACACTCCGGGCAGGCCACCGGCTGGGCGTGGAAGCGACGATCGAGCGGGTCACGGTACTCTTTGTCACAGGCCGGACATAGCGGAAACGCCGCCATCACGGTAAACGGGCGGTCGTAAGGCATGGCGCGAATAATGGTGAAACGCGGGCCGCAGTGGGTACAGTTGATAAACGGATAACGATAACGCCGTTCGCCTGGGGTATTCATTTCGGCAAGGCAAGCAGGGCAAGTAGCGGCATCGGGAACAATTTGCGTATTCATGGTGCCGCCTGTGCTCTGGCGTATAGTGAACTCGGTGGGCAGTTGTGACCAGATAAACGGCTCACGCTCGACGCTATCAATACGCGCCAGCGGCGGGCAGTGCTGATACAATTGAACAAGAAACGTTTCCGGGTCTTCCCGCAGCCGGACTTCTACGCCATCGCCGTCATTACAGACATCGCCGTGAAGATTTAATTGCTGTGC
snip00052,2000,3350854,systematic,0.5075,1.9955,CCCGCCGCACCTTTAATTTTATGTCCTTCCTCAACAATGCCTTTTTTATCCTGCGCCGTCAGATTCGACTCCAGCACGCTGACATAGCCCGGCATCATCTTCTCAAACACCGCTAACCCGTCGGTGATCAGCTTCGGTCCTACAAGTTCGAGATACTGTTCCAGCATGGGAATATCGAGCAATGCTTCTGATTTACTGTTCTCTTCTGTCGTCACCGTACTCTCCTCATCATCCTGGGTATCCCAGAATTTCTTGATCATCGCGGTTAGCGCCGGAACAGAAAGCGGCTTACTCAGCACATCATCCATTCCAGCATTGAGGTACTCTTGTTTGTCTTTCAGCACGTTAGCGGTTAAGGCCACCAGCGGCGGTAAATCCTCGCGCGGATAACGTTTCGTCAGTTCACGAGAGATATCCAGCCCGGTCATATCTGGCAACTGAATATCCAGCAACACCAGGTCGTATTCGCCCGGTTTAAACATCTCCAGCGCCGCCTTGCCGGTCATGGCGACATCAACGCTGTTACCTAATTTTTCCAGCACAGAACGCGCAACAATCACGTTCAGTTCAATGTCTTCCACCAGCAGCACATTCAGCGCCGGTAAAGGCATATCGTCTTCATCAAACGCATCATCGACCTCTTCTGCTACCGACGGTGCGTGGATCGTCAACGTAAAGGTTGAACCTTTGCCCTGTTCGCTGGTAACCGTAATATCGCCGCCCATATTTTTCGCCAGACGACGAGAAACGGCCAGACCAATACCGGTGCCGGTGGCAGGTTTACCGCCATGACTGTCTTTCACCTGGTAATACATGGCGAAAATTTTATCCAGCTCATCCTGCGGAATGCCGATACCAGAGTCTTCCACTTCAAAATGCAGCATATCGCCTTCATCGTAGCGCACGCGCACGGTAACCTGGCCTTGCTGGGTGAATTTGACGGCGTTACTGATGAGGTTCCACAGGATCTGCCGTAAACGCGTCCCGTCGGTAATGACCTGATGCGGTAATGGCAGCGTCGGCTCCAGGTTAAAGCGCAATCCTTTTTGTTGCGCCTGCAATGCGGAGAGATTTTCCAGATCGGCAAGGAAGCTGGTGAAATCAACCGGTTGATTATCAAGCTGGACCTTGCGCCGTTCCATCTTATCCATGTCGATAATATCGTTAAAGATATTCCCCAGCGTGACGGCCGAAACATGGATGGTCTTGAGATATTTTTCCTGCTCGGCGGTGAGTTCGGTATCCAGCAGAATGCGGCTCAGACCGACGATACCGTTCAGCGGTGTACGCAATTCGTGACTGATGGTGGAGATAAACGTCGTTTTGTCGCGGCTGGCCCGTTCAAGCGCATCCTGATACCGCTTACGCTCGGTAATGTCGCGACCAAAGCCCATCAAACCGTGACGTTTACCCACGCGGTCGTAGTACGGCACTTTACGGATTTCAAAGCAGGCTTTGCGCCCGTCCGGGTAATCCAGCCACTGTTCATAGGTCAGTGACACATTATGACGGAACACTTTTTCATCGGTTTCAATGACTTTTGCGGCGGCTTCCGGTGAGTAAACATCAGCAGGTTTCAGGTGAACCAGTTGTTTTTCGCTTTTTCCGGTCAGCAGCTCCATCGCGCGGTTACAGCCGGAAAACTCTTTATCTTCGTTACGATAAAAAACCAGGTCGGGTGAAGCATCAAGGAAGGAACGTAAGAATGAGGATTGCTGCTCGAGCTGAATTTGTGTCTCTTCGCGCTCTTTGATTTCAATTTTCAGTTGGCCGAAGGTTTCCTGCAGTTCTGCTTCCGCTTTTTCACGAACGGCAATTTCCTGATTTAGCTGGGCAATATTATCTTTTAACTGAACGTTGAGGCTCAAATCGCGCTCGCGCATCTCCTCCAGTTTTTGCACCAGCCGTGACAGACGTTGTCGTGACTCCTCCAGTTGCTCGACGACCACCGATAGAAAGTAGACCGCCCACGGCGTAATCAGCAAACCAAAGAAGATAGA
snip00053,2000,3866370,systematic,0.4945,1.9997,CGTGCCGAAATATCTTAAACAGTCGAAATTTAACGCATTGTTGAGTAAGTAAGACAAAAAAAGCCCCACCAGAATGGCGGGGCAAAGAGAATAGCTAGTTAGCTATTTAACGCGGGACGTTCGCTGATAGCGATACGCTGCGCTGCGATGGGTTCAGGCTCATTACGAATTAAATCAATATGCAGTAAACCGTTTACGAAGGTTGCGCCAGAGACTTCCATATTTTCAGCCAGCGTAAAGCTCAGGCTAAATGGCTGATTCATAAGCCCTTGATGCAGCCATTTTTTCTCTTCTTTTGGCTGCTCCGGCGTGCCTTTTACGCTCAGGCGCGTACCTTCCAGTTGAATCTCTAAATCTTCCTGACGGAAACCTGCCAGCGCAAGGGTAATGCGGTAGTGGTTATCGTCGCTTTTCTCAATGTTGTACGGCGGGAAGCTCTGGCTTTCACCGGCGTTTTGCAGTGCGTTGGCCAGTTTGTCAAAACCGATCCATTGACGCATCAGTGGGGATAAATCGAAGTTACGCATAGTCATTTCTCCTTCTAAGAAGCGAGTAAGTACCTGCAAATCCGAAGATTCGCATATGCTCCCTGACGGCGAGCATGGAGATGTCAGGCCGCGCCAGGCGGCCTTAGGGAATTAGTTGATTTCGATACGGCGCGGTTTTTTCGCTTCCGGAATCACGCGTTCGAGATCGATATACAGCAAACCATTTACCAGGTTAGCACCACGAACATGAATGTTCTCAGCTAACTGGAATTTGCGTTCAAAGTTGCGTTCAGCGATGCCCTGGTACAGATAGGTGCGCTCTTTTTGTTCGTCGGCGTGAGCACCTTTCACCACCAGCAGATTATCCTGGGCGGTAATTTCCAGTTCGCTCTCAGCAAAACCAGCCACAGCGATAGCAATGCGGTAATGGTTTTCGTCTACCAGTTCAACGTTATACGGAGGGTAGCCGCCATTACTCTGGCTCTGGTTGTTTTCTAAGTGGTTAAACAAACGGTCAAATCCAATAGCAGAACGGTAAAGCGGGGATAAATCAAAGTTACGCATAATCAATAGCTCCTGAAATCAGCGAGAATGTAAGACCTTCCACAATGGACAGGTCAGGTAGCCAGAACACCCATCAGGCGCGTCCTCATCGGCTACGATGTAAAAATGGGTCTGGAAATGAACTTTTCAAGCCTTATCAGCGGACTTTTTTTTGCAGTTTATGGTCTATTGCATAGACTGAGGGGGCAGCACGAAACGTTAAAGTGCGATAGCCGCCACAGTGCGACGTAATGATGATGTTATTTTCAGCAAGGGATCGCTATAACTCATCAGGCCAACACCCACGATCAACAGATGAATTTATTATGATAAGAAATGTGTTGTTAGCGTTCATGATATGCAGCGGAATGACATTACTCGGAGGATGCTCCAGCGTGATGTCCCATACCGGAGGGAAAGAAGGAACGTATCCCGGCACCCGCGCCAGCGCAACCATGATTGGCGACGATGAAACCAACTGGGGCACTAAGTCGCTGGCGATTCTCGATATGCCGTTTACCGCTGTGATGGACACGCTTTTACTGCCGTGGGATGTGTTCCGCAAAGACAGCTCGGTGCGCTCGCGCGTTGAAAAAAGCGAAGCCAACGCGCAAGCCACCAATGCGGTTATTCCACCGGCCAGAATGCCTGATAACTGATTTAGCGATCAGTTTCGGTGATCCACAGCTGGCCGCCTTCCATCCACGCCAGCCACTGACCATCCGGCGAGAAGACCACGGCGTCCGCAGAAGGTGAATTGGCGTGGTGTTCGGTTAAATACTCAACCTCGCCGCTTTGCGCATGGGCACAAGCAATTCGATTATCCAGCACAAAGCCCAACCATTCTCCTGACGGATGCCAGTTAAATGCAGACTGAATATCCGTTTTGTTATGGGTTAACTGGCGCGGCTCGCCGCCCTGTGGCGAGATAAGCCACAGTTGCACAATGCCGTTATCATCTCGCATTAA
snip00054,2000,4381886,systematic,0.5000,1.9986,AGAGGTCTGGAACAGCGTGTGCAGCATATGGAAGCCGGTCTTATCGGCGGCGAACCAGGTGCGCTCGATTTTCATGCCGCCGAAGCGACGTACGTTGACGCTACCATCCGGGCGACGGCTCCATGGGCATCCCCACAGTTCCAGTTGGGTCATTTCGGTTGGGCAGTGGTGGACGAAATAATCCACGACATCCTGCTCACACAACCAGTCGCCACCCGCTACTGTATCGTGAAAGTGATATTCGAAGCTGTCATGATCCTGCGCGACAGCGGCGGAGCCCCCTTCTGCAGCAACGGTATGGCTACGCATCGGGTATACTTTTGAGATTAGTGCGATTTTTGCATTCGGATTTGCCTGCGCGGCAGCAATTGCAGCACGTAATCCCGCGCCACCGGCGCCTACAATGGCAAGATCGGCTTGAAAGGTTTGCACGACATTCCTCCAGATTGTTTTTATCCCACAGCCACGTACTTCAGGGTAAGTACCTGAAAGTTACGGTCTGCGAACGCTATTCCACTGCTCCTTTATAGGTACAACAGTATAGTCTGATGGATAAGTCTGAAATTTGACGAGATCGATTTTTTTAGTGCGCAAGAGGGCTAAATTATCACTGAAGATGATTAATTTAATTACTAAACCATCAGATCGTGCTTTTTTTAGTCACTGCCCACCGCTGTTTGATTCCTGCGTAAAATTTGTCTCGCCGTCGCGTTGCGAGTAGACTTCGTGCCCTTGTCAAAAACTGGAGATTTAACTATGAGCGAAACGGCATCCTGGCAGCCGAGCGCATCCATTCCTAACTTATTAAAACGCGCGGCGATTATGGCGGAGATCCGTCGTTTCTTTGCCGATCGTGGAGTGCTGGAGGTGGAGACGCCTTGTATGAGCCAGGCGACGGTAACCGATATTCATTTGGTCCCGTTTGAGACACGTTTCGTTGGCCCCGGGCATTCGCAGGGGATGAATCTCTGGTTAATGACCAGCCCGGAATACCATATGAAACGCCTGCTGGTTGCCGGTTGTGGGCCGGTATTCCAGCTGTGCCGCAGCTTCCGTAATGAAGAGATGGGGCGTTATCACAACCCTGAGTTCACTATGCTGGAGTGGTATCGACCGCACTATGATATGTACCGGTTGATGAACGAGGTGGACGATCTCTTACAACAGGTGCTGGACTGCCCGGCAGCAGAAAGCCTTTCTTATCAACAAGCTTTCTTGCGTTATCTGGAAATTGACCCGCTCTCTGCCGACAAAACGCAACTGCGGGAAGTCGCAGCGAAACTGGATTTGAGCAATGTTGCTGATACCGAAGAAGACCGCGACACGCTGCTACAATTGCTGTTTACCTTTGGCGTAGAGCCAAATATTGGCAAAGAAAAACCGACCTTTGTGTACCACTTTCCAGCCAGCCAGGCATCACTGGCGCAAATCAGTACCGAAGATCATCGGGTCGCTGAACGCTTTGAGGTTTATTATAAAGGTATTGAGCTGGCGAATGGTTTCCATGAATTGACGGATGCCCGTGAGCAGCAACAACGCTTTGAACAAGATAACCGTAAGCGCGCGGCGCGCGGTTTGCCGCAGCACCCCATTGACCAGAATCTGATTGAAGCCTTGAAAGTCGGTATGCCTGACTGTTCCGGCGTGGCATTAGGTGTTGATCGTCTGGTGATGTTGGCGCTGGGCGCGGAGACACTGGCTGAAGTCATCGCCTTTAGCGTTGACCGGGCATAATTCTGAAAAATTACTGAATTAACAGCGAAGAATGGCGTGATAAGCGCCATTCTGTAGCATATGTTTTCATTTTTCCGTTAAAGGCCACAATTTAAGACTGGATATTTGATATCATCCAGGTATCAATTCTGTATTGGTTTTTACGCTGCCTGCTCAATGTTGCGCAGTGCAGTTCAGTGGGCACGTGTTATACACGCGCTGAAATGAAGGATGGTTTCATGCCTCACACGATAAAAAAGATGAGTCTGATAGGACTCATATTGATG
